Workbook

Sheet Data
A1: Input Size | B1: Quick
B2: Random | C2: Asc | D2: Desc
A3: 0 | B3: 0 | C3: 0 | D3: 0
A4: 8000 | B4: 0.93 | C4: 130.02 | D4: 82.65
A5: 12000 | B5: 1.45 | C5: 294.29 | D5: 183.41
A6: 16000 | B6: 1.89 | C6: 523.46 | D6: 329.96
A7: 20000 | B7: 2.52 | C7: 764.19 | D7: 515.21
A8: 24000 | B8: 3.02
A9: 28000 | B9: 3.56
A10: 32000 | B10: 4.09
A11: 36000 | B11: 4.78

Sheet ChartData_Hidden
A1: =Data!A1 -> Input Size | B1: Selection Sort | C1: Bubble Sort | D1: Merge Sort | E1: Quick Sort | F1: Heap Sort | G1: Insertion Sort
A2: =Data!A3 -> 0 | B2: =Data!#REF! -> #REF! | C2: =Data!#REF! -> #REF! | D2: =Data!#REF! -> #REF! | E2: =Data!B3 -> 0 | F2: =Data!E3 -> 0 | G2: =Data!H3 -> 0
A3: =Data!A4 -> 8000 | B3: =Data!#REF! -> #REF! | C3: =Data!#REF! -> #REF! | D3: =Data!#REF! -> #REF! | E3: =Data!B4 -> 0.93 | F3: =Data!E4 -> 0 | G3: =Data!H4 -> 0
A4: =Data!A5 -> 12000 | B4: =Data!#REF! -> #REF! | C4: =Data!#REF! -> #REF! | D4: =Data!#REF! -> #REF! | E4: =Data!B5 -> 1.45 | F4: =Data!E5 -> 0 | G4: =Data!H5 -> 0
A5: =Data!A6 -> 16000 | B5: =Data!#REF! -> #REF! | C5: =Data!#REF! -> #REF! | D5: =Data!#REF! -> #REF! | E5: =Data!B6 -> 1.89 | F5: =Data!E6 -> 0 | G5: =Data!H6 -> 0
A6: =Data!A7 -> 20000 | B6: =Data!#REF! -> #REF! | C6: =Data!#REF! -> #REF! | D6: =Data!#REF! -> #REF! | E6: =Data!B7 -> 2.52 | F6: =Data!E7 -> 0 | G6: =Data!H7 -> 0
A7: =Data!A8 -> 24000 | B7: =Data!#REF! -> #REF! | C7: =Data!#REF! -> #REF! | D7: =Data!#REF! -> #REF! | E7: =Data!B8 -> 3.02 | F7: =Data!E8 -> 0 | G7: =Data!H8 -> 0
A8: =Data!A9 -> 28000 | B8: =Data!#REF! -> #REF! | C8: =Data!#REF! -> #REF! | D8: =Data!#REF! -> #REF! | E8: =Data!B9 -> 3.56 | F8: =Data!E9 -> 0 | G8: =Data!H9 -> 0
A9: =Data!A10 -> 32000 | B9: =Data!#REF! -> #REF! | C9: =Data!#REF! -> #REF! | D9: =Data!#REF! -> #REF! | E9: =Data!B10 -> 4.09 | F9: =Data!E10 -> 0 | G9: =Data!H10 -> 0
A10: =Data!A11 -> 36000 | B10: =Data!#REF! -> #REF! | C10: =Data!#REF! -> #REF! | D10: =Data!#REF! -> #REF! | E10: =Data!B11 -> 4.78 | F10: =Data!E11 -> 0 | G10: =Data!H11 -> 0
